scenario,mode,clock_mW,data_proxy_mW,logic_dynamic_mW
low,firmware_enabled,19.315584000000005,0.11110859784067699,19.42669259784068
low,measurement_frozen,19.315584000000005,0.007976739780290659,19.32356073978029
low,after_ecall,19.315584000000005,0.11357356318232889,19.429157563182333
low,start_low_reset,19.315584000000005,4.2692255434782616e-05,19.31562669225544
low,whole_sweep,19.315584000000005,0.00800109245038371,19.32358509245039
central,firmware_enabled,48.28896,0.555542989203385,48.84450298920339
central,measurement_frozen,48.28896,0.03988369890145328,48.32884369890146
central,after_ecall,48.28896,0.5678678159116444,48.85682781591165
central,start_low_reset,48.28896,0.00021346127717391305,48.28917346127718
central,whole_sweep,48.28896,0.04000546225191855,48.32896546225192
high,firmware_enabled,96.57792,2.22217195681354,98.80009195681355
high,measurement_frozen,96.57792,0.15953479560581313,96.73745479560581
high,after_ecall,96.57792,2.2714712636465775,98.84939126364658
high,start_low_reset,96.57792,0.0008538451086956522,96.57877384510871
high,whole_sweep,96.57792,0.1600218490076742,96.7379418490077
