epoch,block,register_bits,bit_toggles,rising_transitions
1,core_divider,75,518,264
1,core_pipeline,898,12925,6487
1,core_register_file,992,420,226
1,debug_module,1076,150,75
1,measurement_engine,144,64,18
1,shell_mmio_reset,69,518,265
2,core_divider,75,0,0
2,core_pipeline,898,7,7
2,core_register_file,992,0,0
2,debug_module,1076,47,38
2,measurement_engine,144,6314007,3157027
2,shell_mmio_reset,69,26,14
3,core_divider,75,0,0
3,core_pipeline,898,112514,56268
3,core_register_file,992,0,0
3,debug_module,1076,2344,1172
3,measurement_engine,144,0,0
3,shell_mmio_reset,69,2345,1172
4,core_divider,75,10,0
4,core_pipeline,898,51,20
4,core_register_file,992,32,0
4,debug_module,1076,2,1
4,measurement_engine,144,0,0
4,shell_mmio_reset,69,4,1
