cycle,after_ecall,kind,address,byte_mask
6,0,fetch,00000080,f
7,0,fetch,00000084,f
8,0,fetch,00000088,f
9,0,retire,00000080,f
9,0,fetch,0000008c,f
10,0,retire,00000084,f
10,0,fetch,00000090,f
10,0,sp,00011000,0
11,0,retire,00000088,f
11,0,fetch,00000094,f
11,0,sp,00010800,0
28,0,sp,00000000,0
30,0,fetch,00000080,f
31,0,fetch,00000084,f
32,0,fetch,00000088,f
33,0,retire,00000080,f
33,0,fetch,0000008c,f
34,0,retire,00000084,f
34,0,fetch,00000090,f
34,0,sp,00011000,0
35,0,retire,00000088,f
35,0,fetch,00000094,f
35,0,sp,00010800,0
36,0,retire,0000008a,f
38,0,fetch,00000118,f
39,0,retire,0000008e,f
39,0,fetch,0000011c,f
40,0,fetch,00000120,f
41,0,retire,0000011a,f
41,0,fetch,00000124,f
41,0,store,000107fc,f
42,0,retire,0000011c,f
42,0,fetch,00000128,f
42,0,store,000107f8,f
42,0,sp,000107e0,0
43,0,retire,0000011e,f
43,0,store,000107f4,f
44,0,retire,00000120,f
44,0,fetch,0000012c,f
45,0,retire,00000122,f
45,0,fetch,00000130,f
46,0,retire,00000126,f
46,0,fetch,00000134,f
46,0,store,80000000,f
47,0,retire,0000012a,f
48,0,retire,0000012c,f
48,0,fetch,00000138,f
48,0,store,80000004,f
49,0,retire,0000012e,f
49,0,fetch,0000013c,f
50,0,retire,00000130,f
50,0,store,80000008,f
51,0,retire,00000134,f
51,0,fetch,00000140,f
52,0,retire,00000136,f
52,0,fetch,00000144,f
53,0,retire,00000138,f
53,0,store,80000010,f
54,0,retire,0000013c,f
54,0,fetch,00000148,f
55,0,retire,0000013e,f
56,0,retire,00000140,f
56,0,fetch,0000014c,f
57,0,retire,00000142,f
57,0,fetch,000000b4,f
58,0,retire,00000144,f
58,0,fetch,000000b8,f
59,0,fetch,000000bc,f
60,0,retire,000000b4,f
60,0,fetch,000000c0,f
60,0,store,8000000c,f
61,0,retire,000000b8,f
61,0,fetch,000000c4,f
62,0,retire,000000ba,f
62,0,fetch,000000c8,f
63,0,retire,000000bc,f
63,0,store,80000000,f
64,0,retire,000000c0,f
64,0,fetch,000000cc,f
65,0,retire,000000c2,f
756,0,fetch,000000d0,f
757,0,retire,000000c6,f
757,0,fetch,000000d4,f
758,0,retire,000000ca,f
758,0,load,80000014,f
759,0,retire,000000cc,f
759,0,fetch,000000d8,f
761,0,retire,000000ce,f
762,0,retire,000000d0,f
762,0,fetch,000000dc,f
763,0,retire,000000d2,f
763,0,fetch,000000e0,f
763,0,load,80000018,f
764,0,retire,000000d6,f
764,0,fetch,000000e4,f
765,0,retire,000000d8,f
765,0,fetch,000000e8,f
766,0,retire,000000dc,f
767,0,retire,000000e0,f
767,0,fetch,000000ec,f
768,0,retire,000000e2,f
768,0,load,8000001c,f
769,0,retire,000000e4,f
769,0,fetch,000000f0,f
769,0,store,80000000,f
770,0,retire,000000e6,f
770,0,fetch,000000f4,f
771,0,retire,000000e8,f
1462,0,fetch,000000f8,f
1463,0,retire,000000ec,f
1464,0,retire,000000f0,f
1464,0,fetch,000000fc,f
1464,0,load,80000014,f
1465,0,retire,000000f2,f
1467,0,retire,000000f4,f
1467,0,fetch,00000100,f
1468,0,retire,000000f6,f
1468,0,fetch,00000104,f
1469,0,retire,000000f8,f
1469,0,fetch,00000108,f
1469,0,load,80000018,f
1470,0,retire,000000fc,f
1470,0,fetch,0000010c,f
1471,0,retire,00000100,f
1471,0,load,8000001c,f
1472,0,retire,00000104,f
1472,0,fetch,00000110,f
1473,0,retire,00000106,f
1474,0,retire,00000108,f
1474,0,fetch,00000114,f
1511,0,retire,0000010a,f
1511,0,fetch,00000118,f
1512,0,retire,0000010e,f
1512,0,fetch,0000011c,f
1549,0,retire,00000110,f
1549,0,store,000107e8,f
1550,0,retire,00000114,f
1550,0,fetch,00000120,f
1550,0,store,000107ec,f
1551,0,retire,00000116,f
1551,0,fetch,00000144,f
1552,0,retire,00000118,f
1552,0,fetch,00000148,f
1553,0,fetch,0000014c,f
1554,0,retire,00000146,f
1554,0,fetch,00000150,f
1555,0,retire,00000148,f
1555,0,fetch,00000154,f
1555,0,store,00010110,f
1556,0,retire,0000014c,f
1556,0,fetch,00000158,f
1556,0,load,000107e8,f
1557,0,retire,0000014e,f
1558,0,retire,00000150,f
1558,0,fetch,0000015c,f
1559,0,retire,00000152,f
1559,0,fetch,00000160,f
1559,0,store,00010120,f
1560,0,retire,00000156,f
1560,0,load,000107ec,f
1561,0,retire,00000158,f
1561,0,fetch,00000164,f
1562,0,retire,0000015a,f
1562,0,fetch,00000168,f
1563,0,retire,0000015c,f
1563,0,store,00010130,f
1564,0,retire,00000160,f
1564,0,fetch,0000016c,f
1565,0,retire,00000162,f
1566,0,retire,00000164,f
1566,0,fetch,00000170,f
1567,0,retire,00000166,f
1567,0,fetch,000000b4,f
1568,0,retire,0000016a,f
1568,0,fetch,000000b8,f
1569,0,fetch,000000bc,f
1570,0,retire,000000b4,f
1570,0,fetch,000000c0,f
1570,0,store,8000000c,f
1571,0,retire,000000b8,f
1571,0,fetch,000000c4,f
1572,0,retire,000000ba,f
1572,0,fetch,000000c8,f
1573,0,retire,000000bc,f
1573,0,store,80000000,f
1574,0,retire,000000c0,f
1574,0,fetch,000000cc,f
1575,0,retire,000000c2,f
17214,0,fetch,000000d0,f
17215,0,retire,000000c6,f
17215,0,fetch,000000d4,f
17216,0,retire,000000ca,f
17216,0,load,80000014,f
17217,0,retire,000000cc,f
17217,0,fetch,000000d8,f
17219,0,retire,000000ce,f
17220,0,retire,000000d0,f
17220,0,fetch,000000dc,f
17221,0,retire,000000d2,f
17221,0,fetch,000000e0,f
17221,0,load,80000018,f
17222,0,retire,000000d6,f
17222,0,fetch,000000e4,f
17223,0,retire,000000d8,f
17223,0,fetch,000000e8,f
17224,0,retire,000000dc,f
17225,0,retire,000000e0,f
17225,0,fetch,000000ec,f
17226,0,retire,000000e2,f
17226,0,load,8000001c,f
17227,0,retire,000000e4,f
17227,0,fetch,000000f0,f
17227,0,store,80000000,f
17228,0,retire,000000e6,f
17228,0,fetch,000000f4,f
17229,0,retire,000000e8,f
32868,0,fetch,000000f8,f
32869,0,retire,000000ec,f
32870,0,retire,000000f0,f
32870,0,fetch,000000fc,f
32870,0,load,80000014,f
32871,0,retire,000000f2,f
32873,0,retire,000000f4,f
32873,0,fetch,00000100,f
32874,0,retire,000000f6,f
32874,0,fetch,00000104,f
32875,0,retire,000000f8,f
32875,0,fetch,00000108,f
32875,0,load,80000018,f
32876,0,retire,000000fc,f
32876,0,fetch,0000010c,f
32877,0,retire,00000100,f
32877,0,load,8000001c,f
32878,0,retire,00000104,f
32878,0,fetch,00000110,f
32879,0,retire,00000106,f
32880,0,retire,00000108,f
32880,0,fetch,00000114,f
32917,0,retire,0000010a,f
32917,0,fetch,00000118,f
32918,0,retire,0000010e,f
32918,0,fetch,0000011c,f
32955,0,retire,00000110,f
32955,0,store,000107e8,f
32956,0,retire,00000114,f
32956,0,fetch,00000120,f
32956,0,store,000107ec,f
32957,0,retire,00000116,f
32957,0,fetch,0000016c,f
32958,0,retire,00000118,f
32958,0,fetch,00000170,f
32959,0,fetch,00000174,f
32960,0,retire,0000016c,f
32960,0,fetch,00000178,f
32961,0,retire,0000016e,f
32961,0,fetch,0000017c,f
32962,0,retire,00000172,f
32962,0,fetch,00000180,f
32962,0,store,00010114,f
32963,0,retire,00000176,f
32963,0,load,000107e8,f
32964,0,retire,00000178,f
32964,0,fetch,00000184,f
32965,0,retire,0000017a,f
32965,0,fetch,00000188,f
32966,0,retire,0000017c,f
32966,0,store,00010124,f
32967,0,retire,00000180,f
32967,0,fetch,0000018c,f
32967,0,load,000107ec,f
32968,0,retire,00000182,f
32969,0,retire,00000184,f
32969,0,fetch,00000190,f
32970,0,retire,00000186,f
32970,0,fetch,00000194,f
32971,0,retire,0000018a,f
32971,0,store,00010134,f
32972,0,retire,0000018c,f
32972,0,fetch,00000198,f
32973,0,retire,0000018e,f
32974,0,retire,00000190,f
32974,0,fetch,0000019c,f
32975,0,retire,00000192,f
32975,0,fetch,000000b4,f
32976,0,retire,00000196,f
32976,0,fetch,000000b8,f
32977,0,fetch,000000bc,f
32978,0,retire,000000b4,f
32978,0,fetch,000000c0,f
32978,0,store,8000000c,f
32979,0,retire,000000b8,f
32979,0,fetch,000000c4,f
32980,0,retire,000000ba,f
32980,0,fetch,000000c8,f
32981,0,retire,000000bc,f
32981,0,store,80000000,f
32982,0,retire,000000c0,f
32982,0,fetch,000000cc,f
32983,0,retire,000000c2,f
1593022,0,fetch,000000d0,f
1593023,0,retire,000000c6,f
1593023,0,fetch,000000d4,f
1593024,0,retire,000000ca,f
1593024,0,load,80000014,f
1593025,0,retire,000000cc,f
1593025,0,fetch,000000d8,f
1593027,0,retire,000000ce,f
1593028,0,retire,000000d0,f
1593028,0,fetch,000000dc,f
1593029,0,retire,000000d2,f
1593029,0,fetch,000000e0,f
1593029,0,load,80000018,f
1593030,0,retire,000000d6,f
1593030,0,fetch,000000e4,f
1593031,0,retire,000000d8,f
1593031,0,fetch,000000e8,f
1593032,0,retire,000000dc,f
1593033,0,retire,000000e0,f
1593033,0,fetch,000000ec,f
1593034,0,retire,000000e2,f
1593034,0,load,8000001c,f
1593035,0,retire,000000e4,f
1593035,0,fetch,000000f0,f
1593035,0,store,80000000,f
1593036,0,retire,000000e6,f
1593036,0,fetch,000000f4,f
1593037,0,retire,000000e8,f
3153076,0,fetch,000000f8,f
3153077,0,retire,000000ec,f
3153078,0,retire,000000f0,f
3153078,0,fetch,000000fc,f
3153078,0,load,80000014,f
3153079,0,retire,000000f2,f
3153081,0,retire,000000f4,f
3153081,0,fetch,00000100,f
3153082,0,retire,000000f6,f
3153082,0,fetch,00000104,f
3153083,0,retire,000000f8,f
3153083,0,fetch,00000108,f
3153083,0,load,80000018,f
3153084,0,retire,000000fc,f
3153084,0,fetch,0000010c,f
3153085,0,retire,00000100,f
3153085,0,load,8000001c,f
3153086,0,retire,00000104,f
3153086,0,fetch,00000110,f
3153087,0,retire,00000106,f
3153088,0,retire,00000108,f
3153088,0,fetch,00000114,f
3153125,0,retire,0000010a,f
3153125,0,fetch,00000118,f
3153126,0,retire,0000010e,f
3153126,0,fetch,0000011c,f
3153163,0,retire,00000110,f
3153163,0,store,000107e8,f
3153164,0,retire,00000114,f
3153164,0,fetch,00000120,f
3153164,0,store,000107ec,f
3153165,0,retire,00000116,f
3153165,0,fetch,00000198,f
3153166,0,retire,00000118,f
3153166,0,fetch,0000019c,f
3153167,0,fetch,000001a0,f
3153168,0,retire,00000198,f
3153168,0,fetch,000001a4,f
3153169,0,retire,0000019a,f
3153169,0,fetch,000001a8,f
3153170,0,retire,0000019c,f
3153170,0,fetch,000001ac,f
3153171,0,retire,000001a0,f
3153171,0,store,00010118,f
3153172,0,retire,000001a4,f
3153172,0,fetch,000001b0,f
3153172,0,load,000107e8,f
3153173,0,retire,000001a6,f
3153174,0,retire,000001a8,f
3153174,0,fetch,000001b4,f
3153175,0,retire,000001aa,f
3153175,0,fetch,000001b8,f
3153175,0,store,00010128,f
3153176,0,retire,000001ae,f
3153176,0,load,000107ec,f
3153177,0,retire,000001b0,f
3153177,0,fetch,000001bc,f
3153178,0,retire,000001b2,f
3153178,0,fetch,000001c0,f
3153179,0,retire,000001b4,f
3153179,0,store,00010138,f
3153180,0,retire,000001b8,f
3153180,0,fetch,000001c4,f
3153181,0,retire,000001ba,f
3153181,0,fetch,000001c8,f
3153182,0,retire,000001bc,f
3153183,0,retire,000001c0,f
3153183,0,fetch,000001cc,f
3153183,0,store,00010140,f
3153184,0,retire,000001c2,f
3153185,0,retire,000001c4,f
3153185,0,fetch,000001d0,f
3153186,0,retire,000001c6,f
3153186,0,fetch,000001d4,f
3153186,0,store,00010100,f
3153187,0,retire,000001ca,f
3153187,0,load,000107fc,f
3153188,0,retire,000001cc,f
3153188,0,fetch,000001d8,f
3153188,0,load,000107f8,f
3153189,0,retire,000001ce,f
3153190,0,retire,000001d0,f
3153190,0,fetch,000001dc,f
3153191,0,retire,000001d2,f
3153191,0,fetch,000001e0,f
3153192,0,retire,000001d6,f
3153192,0,store,00010104,f
3153193,0,retire,000001d8,f
3153193,0,fetch,000001e4,f
3153193,0,load,000107f4,f
3153194,0,retire,000001da,f
3153195,0,retire,000001dc,f
3153195,0,fetch,000001e8,f
3153196,0,retire,000001de,f
3153196,0,fetch,00000090,f
3153197,0,retire,000001e0,f
3153197,0,fetch,00000094,f
3153197,0,sp,00010800,0
3153198,0,fetch,00000098,f
3153199,0,retire,00000090,f
3153199,0,fetch,0000009c,f
3153200,0,retire,00000094,f
3153200,0,fetch,000000a0,f
3153200,0,store,80000000,f
3153201,1,retire,00000098,f
3153201,1,fetch,000000a4,f
3153202,1,retire,0000009c,f
3153202,1,fetch,000000a8,f
3153206,1,fetch,0000009c,f
3153207,1,retire,000000a0,f
3153207,1,fetch,000000a0,f
3153208,1,fetch,000000a4,f
3153209,1,retire,0000009c,f
3153209,1,fetch,000000a8,f
3153213,1,fetch,0000009c,f
3153214,1,retire,000000a0,f
3153214,1,fetch,000000a0,f
3153215,1,fetch,000000a4,f
3153216,1,retire,0000009c,f
3153216,1,fetch,000000a8,f
3153220,1,fetch,0000009c,f
3153221,1,retire,000000a0,f
3153221,1,fetch,000000a0,f
3153222,1,fetch,000000a4,f
3153223,1,retire,0000009c,f
3153223,1,fetch,000000a8,f
3153227,1,fetch,0000009c,f
3153228,1,retire,000000a0,f
3153228,1,fetch,000000a0,f
3153229,1,fetch,000000a4,f
3153230,1,retire,0000009c,f
3153230,1,fetch,000000a8,f
3153234,1,fetch,0000009c,f
3153235,1,retire,000000a0,f
3153235,1,fetch,000000a0,f
3153236,1,fetch,000000a4,f
3153237,1,retire,0000009c,f
3153237,1,fetch,000000a8,f
